nome_munic;datahora;casos;casos_novos;obitos;obitos_novos;semana_epidem
São Paulo;25/02/2020;1;0;0;0;9
São Paulo;26/02/2020;1;0;0;0;9
São Paulo;27/02/2020;1;0;0;0;9
São Paulo;28/02/2020;2;1;0;0;9
São Paulo;29/02/2020;2;0;0;0;9
São Paulo;01/03/2020;2;0;0;0;10
São Paulo;02/03/2020;2;0;0;0;10
São Paulo;03/03/2020;2;0;0;0;10
São Paulo;04/03/2020;3;1;0;0;10
São Paulo;05/03/2020;6;3;0;0;10
São Paulo;06/03/2020;6;0;0;0;10
São Paulo;07/03/2020;12;6;0;0;10
São Paulo;08/03/2020;15;3;0;0;11
São Paulo;09/03/2020;15;0;0;0;11
São Paulo;10/03/2020;18;3;0;0;11
São Paulo;11/03/2020;29;11;0;0;11
São Paulo;12/03/2020;44;15;0;0;11
São Paulo;13/03/2020;44;0;0;0;11
São Paulo;14/03/2020;62;18;0;0;11
São Paulo;15/03/2020;62;0;0;0;12
São Paulo;16/03/2020;145;83;0;0;12
São Paulo;17/03/2020;156;11;1;1;12
São Paulo;18/03/2020;214;58;3;2;12
São Paulo;19/03/2020;259;45;5;2;12
São Paulo;20/03/2020;306;47;9;4;12
São Paulo;21/03/2020;306;0;9;0;12
São Paulo;22/03/2020;306;0;9;0;13
São Paulo;23/03/2020;306;0;9;0;13
São Paulo;24/03/2020;306;0;9;0;13
São Paulo;25/03/2020;722;416;44;35;13
São Paulo;26/03/2020;899;177;53;9;13
São Paulo;27/03/2020;1044;145;62;9;13
São Paulo;28/03/2020;1044;0;62;0;13
São Paulo;29/03/2020;1044;0;62;0;14
São Paulo;30/03/2020;1233;189;103;41;14
São Paulo;31/03/2020;1885;652;121;18;14
São Paulo;01/04/2020;2418;533;144;23;14
São Paulo;02/04/2020;2815;397;164;20;14
São Paulo;03/04/2020;3202;387;186;22;14
São Paulo;04/04/2020;3496;294;212;26;14
São Paulo;05/04/2020;3612;116;220;8;15
São Paulo;06/04/2020;3754;142;244;24;15
São Paulo;07/04/2020;4258;504;296;52;15
São Paulo;08/04/2020;4947;689;339;43;15
São Paulo;09/04/2020;5477;530;384;45;15
São Paulo;10/04/2020;5982;505;409;25;15
São Paulo;11/04/2020;6131;149;422;13;15
São Paulo;12/04/2020;6352;221;445;23;16
São Paulo;13/04/2020;6418;66;456;11;16
São Paulo;14/04/2020;6705;287;512;56;16
São Paulo;15/04/2020;7764;1059;558;46;16
São Paulo;16/04/2020;7908;144;603;45;16
São Paulo;17/04/2020;8744;836;643;40;16
São Paulo;18/04/2020;9428;684;686;43;16
São Paulo;19/04/2020;9668;240;700;14;17
São Paulo;20/04/2020;9815;147;715;15;17
São Paulo;21/04/2020;10342;527;753;38;17
São Paulo;22/04/2020;10691;349;778;25;17
São Paulo;23/04/2020;11225;534;912;134;17
São Paulo;24/04/2020;11800;575;1010;98;17
São Paulo;25/04/2020;13098;1298;1099;89;17
São Paulo;26/04/2020;13513;415;1114;15;18
São Paulo;27/04/2020;13989;476;1172;58;18
São Paulo;28/04/2020;15397;1408;1321;149;18
São Paulo;29/04/2020;16638;1241;1439;118;18
São Paulo;30/04/2020;18149;1511;1522;83;18
São Paulo;01/05/2020;19087;938;1607;85;18
São Paulo;02/05/2020;19494;407;1661;54;18
São Paulo;03/05/2020;19822;328;1673;12;19
São Paulo;04/05/2020;20073;251;1683;10;19
São Paulo;05/05/2020;21140;1067;1801;118;19
São Paulo;06/05/2020;23187;2047;1910;109;19
São Paulo;07/05/2020;24273;1086;1986;76;19
São Paulo;08/05/2020;25367;1094;2110;124;19
São Paulo;09/05/2020;26787;1420;2223;113;19
São Paulo;10/05/2020;27307;520;2266;43;20
São Paulo;11/05/2020;27771;464;2281;15;20
São Paulo;12/05/2020;28682;911;2405;124;20
São Paulo;13/05/2020;30402;1720;2494;89;20
São Paulo;14/05/2020;31873;1471;2596;102;20
São Paulo;15/05/2020;33992;2119;2674;78;20
São Paulo;16/05/2020;35429;1437;2792;118;20
São Paulo;17/05/2020;35931;502;2835;43;21
São Paulo;18/05/2020;36188;257;2856;21;21
São Paulo;19/05/2020;37640;1452;3029;173;21
São Paulo;20/05/2020;39466;1826;3135;106;21
São Paulo;21/05/2020;41451;1985;3238;103;21
São Paulo;22/05/2020;42973;1522;3352;114;21
São Paulo;23/05/2020;44887;1914;3491;139;21
São Paulo;24/05/2020;45527;640;3534;43;22
São Paulo;25/05/2020;46204;677;3555;21;22
São Paulo;26/05/2020;47554;1350;3691;136;22
São Paulo;27/05/2020;49264;1710;3826;135;22
São Paulo;28/05/2020;52719;3455;3958;132;22
São Paulo;29/05/2020;55741;3022;4116;158;22
São Paulo;30/05/2020;58619;2878;4239;123;22
São Paulo;31/05/2020;60131;1512;4280;41;23
São Paulo;01/06/2020;61126;995;4304;24;23
São Paulo;02/06/2020;64443;3317;4443;139;23
São Paulo;03/06/2020;66777;2334;4564;121;23
São Paulo;04/06/2020;69347;2570;4675;111;23
São Paulo;05/06/2020;71453;2106;4805;130;23
São Paulo;06/06/2020;73861;2408;4901;96;23
São Paulo;07/06/2020;74796;935;4920;19;24
São Paulo;08/06/2020;75699;903;4937;17;24
São Paulo;09/06/2020;78026;2327;5073;136;24
São Paulo;10/06/2020;80457;2431;5232;159;24
São Paulo;11/06/2020;83076;2619;5357;125;24
São Paulo;12/06/2020;85622;2546;5480;123;24
São Paulo;13/06/2020;88025;2403;5599;119;24
São Paulo;14/06/2020;91198;3173;5623;24;25
São Paulo;15/06/2020;93448;2250;5652;29;25
São Paulo;16/06/2020;97676;4228;5819;167;25
São Paulo;17/06/2020;98132;456;5959;140;25
São Paulo;18/06/2020;98530;398;6097;138;25
São Paulo;19/06/2020;105407;6877;6255;158;25
São Paulo;20/06/2020;105591;184;6371;116;25
São Paulo;21/06/2020;106540;949;6387;16;26
São Paulo;22/06/2020;107731;1191;6404;17;26
São Paulo;23/06/2020;110214;2483;6583;179;26
São Paulo;24/06/2020;113261;3047;6675;92;26
São Paulo;25/06/2020;117311;4050;6794;119;26
São Paulo;26/06/2020;121163;3852;6880;86;26
São Paulo;27/06/2020;122759;1596;6982;102;26
São Paulo;28/06/2020;124105;1346;7003;21;27
São Paulo;29/06/2020;125012;907;7026;23;27
São Paulo;30/06/2020;127119;2107;7162;136;27
São Paulo;01/07/2020;129328;2209;7258;96;27
São Paulo;02/07/2020;134984;5656;7370;112;27
São Paulo;03/07/2020;137074;2090;7479;109;27
São Paulo;04/07/2020;137762;688;7597;118;27
São Paulo;05/07/2020;139871;2109;7621;24;28
São Paulo;06/07/2020;140231;360;7634;13;28
São Paulo;07/07/2020;142502;2271;7743;109;28
São Paulo;08/07/2020;144573;2071;7864;121;28
São Paulo;09/07/2020;146739;2166;7964;100;28
São Paulo;10/07/2020;149431;2692;8089;125;28
São Paulo;11/07/2020;151365;1934;8176;87;28
São Paulo;12/07/2020;152806;1441;8212;36;29
São Paulo;13/07/2020;154013;1207;8231;19;29
São Paulo;14/07/2020;158802;4789;8336;105;29
São Paulo;15/07/2020;160326;1524;8451;115;29
São Paulo;16/07/2020;162242;1916;8585;134;29
São Paulo;17/07/2020;163624;1382;8696;111;29
São Paulo;18/07/2020;165094;1470;8770;74;29
São Paulo;19/07/2020;166073;979;8778;8;30
São Paulo;20/07/2020;166348;275;8799;21;30
São Paulo;21/07/2020;167801;1453;8920;121;30
São Paulo;22/07/2020;171119;3318;9025;105;30
São Paulo;23/07/2020;173710;2591;9098;73;30
São Paulo;24/07/2020;176190;2480;9156;58;30
São Paulo;25/07/2020;179115;2925;9205;49;30
São Paulo;26/07/2020;179777;662;9222;17;31
São Paulo;27/07/2020;182027;2250;9241;19;31
São Paulo;28/07/2020;185708;3681;9318;77;31
São Paulo;29/07/2020;188827;3119;9396;78;31
São Paulo;30/07/2020;193684;4857;9470;74;31
São Paulo;31/07/2020;197560;3876;9549;79;31
São Paulo;01/08/2020;199674;2114;9619;70;31
São Paulo;02/08/2020;200444;770;9634;15;32
São Paulo;03/08/2020;200705;261;9644;10;32
São Paulo;04/08/2020;203279;2574;9702;58;32
São Paulo;05/08/2020;206102;2823;9806;104;32
São Paulo;06/08/2020;209559;3457;9909;103;32
São Paulo;07/08/2020;211469;1910;10012;103;32
São Paulo;08/08/2020;213507;2038;10085;73;32
São Paulo;09/08/2020;214094;587;10099;14;33
São Paulo;10/08/2020;214329;235;10107;8;33
São Paulo;11/08/2020;217244;2915;10221;114;33
São Paulo;12/08/2020;224140;6896;10311;90;33
São Paulo;13/08/2020;231203;7063;10453;142;33
São Paulo;14/08/2020;233987;2784;10563;110;33
São Paulo;15/08/2020;235519;1532;10592;29;33
São Paulo;16/08/2020;235866;347;10605;13;34
São Paulo;17/08/2020;236163;297;10625;20;34
São Paulo;18/08/2020;237934;1771;10700;75;34
São Paulo;19/08/2020;240115;2181;10761;61;34
São Paulo;20/08/2020;241764;1649;10863;102;34
São Paulo;21/08/2020;242589;825;10936;73;34
São Paulo;22/08/2020;246492;3903;11003;67;34
São Paulo;23/08/2020;247403;911;11023;20;35
São Paulo;24/08/2020;247730;327;11031;8;35
São Paulo;25/08/2020;250171;2441;11141;110;35
São Paulo;26/08/2020;252063;1892;11215;74;35
São Paulo;27/08/2020;254146;2083;11278;63;35
São Paulo;28/08/2020;256511;2365;11344;66;35
São Paulo;29/08/2020;257528;1017;11398;54;35
São Paulo;30/08/2020;257778;250;11400;2;36
São Paulo;31/08/2020;257949;171;11408;8;36
São Paulo;01/09/2020;260991;3042;11478;70;36
São Paulo;02/09/2020;262570;1579;11554;76;36
São Paulo;03/09/2020;265066;2496;11611;57;36
São Paulo;04/09/2020;266232;1166;11666;55;36
São Paulo;05/09/2020;267477;1245;11717;51;36
São Paulo;06/09/2020;267767;290;11731;14;37
São Paulo;07/09/2020;267926;159;11735;4;37
São Paulo;08/09/2020;268347;421;11740;5;37
São Paulo;09/09/2020;270000;1653;11856;116;37
São Paulo;10/09/2020;271505;1505;11933;77;37
São Paulo;11/09/2020;272857;1352;12003;70;37
São Paulo;12/09/2020;274173;1316;12048;45;37
São Paulo;13/09/2020;274467;294;12057;9;38
São Paulo;14/09/2020;274740;273;12068;11;38
São Paulo;15/09/2020;276241;1501;12128;60;38
São Paulo;16/09/2020;277683;1442;12213;85;38
São Paulo;17/09/2020;279193;1510;12266;53;38
São Paulo;18/09/2020;280774;1581;12308;42;38
São Paulo;19/09/2020;282217;1443;12376;68;38
São Paulo;20/09/2020;282498;281;12380;4;39
São Paulo;21/09/2020;282726;228;12384;4;39
São Paulo;22/09/2020;284252;1526;12428;44;39
São Paulo;23/09/2020;285475;1223;12478;50;39
São Paulo;24/09/2020;286862;1387;12504;26;39
São Paulo;25/09/2020;288081;1219;12547;43;39
São Paulo;26/09/2020;289185;1104;12593;46;39
São Paulo;27/09/2020;289308;123;12602;9;40
São Paulo;28/09/2020;289466;158;12605;3;40
São Paulo;29/09/2020;290839;1373;12666;61;40
São Paulo;30/09/2020;292067;1228;12730;64;40
São Paulo;01/10/2020;293210;1143;12797;67;40
São Paulo;02/10/2020;294135;925;12840;43;40
São Paulo;03/10/2020;295234;1099;12891;51;40
São Paulo;04/10/2020;295301;67;12899;8;41
São Paulo;05/10/2020;295425;124;12916;17;41
São Paulo;06/10/2020;296593;1168;12962;46;41
São Paulo;07/10/2020;297583;990;13005;43;41
São Paulo;08/10/2020;298405;822;13056;51;41
São Paulo;09/10/2020;299277;872;13094;38;41
São Paulo;10/10/2020;300487;1210;13124;30;41
São Paulo;11/10/2020;300905;418;13128;4;42
São Paulo;12/10/2020;301021;116;13134;6;42
São Paulo;13/10/2020;301209;188;13142;8;42
São Paulo;14/10/2020;302223;1014;13196;54;42
São Paulo;15/10/2020;303298;1075;13218;22;42
São Paulo;16/10/2020;304364;1066;13265;47;42
São Paulo;17/10/2020;305379;1015;13283;18;42
São Paulo;18/10/2020;305471;92;13290;7;43
São Paulo;19/10/2020;305540;69;13294;4;43
São Paulo;20/10/2020;306428;888;13337;43;43
São Paulo;21/10/2020;307230;802;13358;21;43
São Paulo;22/10/2020;308077;847;13376;18;43
São Paulo;23/10/2020;309507;1430;13395;19;43
São Paulo;24/10/2020;310693;1186;13427;32;43
São Paulo;25/10/2020;311116;423;13431;4;44
São Paulo;26/10/2020;311301;185;13432;1;44
São Paulo;27/10/2020;312632;1331;13451;19;44
São Paulo;28/10/2020;313720;1088;13497;46;44
São Paulo;29/10/2020;315009;1289;13533;36;44
São Paulo;30/10/2020;316265;1256;13581;48;44
São Paulo;31/10/2020;316970;705;13597;16;44
São Paulo;01/11/2020;317215;245;13600;3;45
São Paulo;02/11/2020;317346;131;13605;5;45
São Paulo;03/11/2020;317533;187;13606;1;45
São Paulo;04/11/2020;318533;1000;13660;54;45
São Paulo;05/11/2020;319156;623;13715;55;45
São Paulo;06/11/2020;319156;0;13715;0;45
São Paulo;07/11/2020;319156;0;13715;0;45
São Paulo;08/11/2020;319156;0;13715;0;46
São Paulo;09/11/2020;319156;0;13715;0;46
São Paulo;10/11/2020;324462;5306;13715;0;46
São Paulo;11/11/2020;325408;946;13767;52;46
São Paulo;12/11/2020;327185;1777;13840;73;46
São Paulo;13/11/2020;328953;1768;13840;0;46
São Paulo;14/11/2020;330266;1313;13949;109;46
São Paulo;15/11/2020;330566;300;13952;3;47
São Paulo;16/11/2020;330753;187;13958;6;47
São Paulo;17/11/2020;333009;2256;14007;49;47
São Paulo;18/11/2020;334733;1724;14067;60;47
São Paulo;19/11/2020;336703;1970;14101;34;47
São Paulo;20/11/2020;338989;2286;14140;39;47
São Paulo;21/11/2020;340537;1548;14169;29;47
São Paulo;22/11/2020;341035;498;14175;6;48
São Paulo;23/11/2020;341340;305;14179;4;48
São Paulo;24/11/2020;342822;1482;14216;37;48
São Paulo;25/11/2020;345445;2623;14261;45;48
São Paulo;26/11/2020;346655;1210;14308;47;48
São Paulo;27/11/2020;347625;970;14340;32;48
São Paulo;28/11/2020;349033;1408;14384;44;48
São Paulo;29/11/2020;349622;589;14394;10;49
São Paulo;30/11/2020;349912;290;14401;7;49
São Paulo;01/12/2020;352144;2232;14470;69;49
São Paulo;02/12/2020;354203;2059;14518;48;49
São Paulo;03/12/2020;356278;2075;14602;84;49
São Paulo;04/12/2020;358390;2112;14637;35;49
São Paulo;05/12/2020;360539;2149;14693;56;49
São Paulo;06/12/2020;361182;643;14698;5;50
São Paulo;07/12/2020;361450;268;14705;7;50
São Paulo;08/12/2020;363495;2045;14761;56;50
São Paulo;09/12/2020;365670;2175;14805;44;50
São Paulo;10/12/2020;367666;1996;14868;63;50
São Paulo;11/12/2020;369620;1954;14906;38;50
São Paulo;12/12/2020;371468;1848;14944;38;50
São Paulo;13/12/2020;371669;201;14968;24;51
São Paulo;14/12/2020;371959;290;14984;16;51
São Paulo;15/12/2020;372875;916;15054;70;51
São Paulo;16/12/2020;372875;0;15054;0;51
São Paulo;17/12/2020;377507;4632;15175;121;51
São Paulo;18/12/2020;379532;2025;15223;48;51
São Paulo;19/12/2020;382030;2498;15266;43;51
São Paulo;20/12/2020;382030;0;15266;0;52
São Paulo;21/12/2020;382760;730;15280;14;52
São Paulo;22/12/2020;385111;2351;15334;54;52
São Paulo;23/12/2020;387524;2413;15384;50;52
São Paulo;24/12/2020;389822;2298;15440;56;52
São Paulo;25/12/2020;390834;1012;15449;9;52
São Paulo;26/12/2020;391257;423;15456;7;52
São Paulo;27/12/2020;391917;660;15463;7;53
São Paulo;28/12/2020;392401;484;15477;14;53
São Paulo;29/12/2020;395846;3445;15541;64;53
São Paulo;30/12/2020;399061;3215;15601;60;53
São Paulo;31/12/2020;401718;2657;15679;78;53
São Paulo;01/01/2021;402835;1117;15695;16;53
São Paulo;02/01/2021;403388;553;15716;21;53
São Paulo;03/01/2021;404025;637;15725;9;1
São Paulo;04/01/2021;404576;551;15743;18;1
São Paulo;05/01/2021;407557;2981;15836;93;1
São Paulo;06/01/2021;410765;3208;15910;74;1
São Paulo;07/01/2021;413892;3127;15970;60;1
São Paulo;08/01/2021;417221;3329;16040;70;1
São Paulo;09/01/2021;419996;2775;16113;73;1
São Paulo;10/01/2021;420939;943;16130;17;2
São Paulo;11/01/2021;421614;675;16142;12;2
São Paulo;12/01/2021;424252;2638;16208;66;2
São Paulo;13/01/2021;427832;3580;16291;83;2
São Paulo;14/01/2021;430702;2870;16388;97;2
São Paulo;15/01/2021;434168;3466;16486;98;2
São Paulo;16/01/2021;437229;3061;16561;75;2
São Paulo;17/01/2021;438369;1140;16580;19;3
São Paulo;18/01/2021;439011;642;16592;12;3
São Paulo;19/01/2021;442477;3466;16667;75;3
São Paulo;20/01/2021;445876;3399;16772;105;3
São Paulo;21/01/2021;448744;2868;16855;83;3
São Paulo;22/01/2021;450460;1716;16915;60;3
São Paulo;23/01/2021;453461;3001;16976;61;3
São Paulo;24/01/2021;454355;894;16988;12;4
São Paulo;25/01/2021;454900;545;17004;16;4
São Paulo;26/01/2021;456067;1167;17023;19;4
São Paulo;27/01/2021;459360;3293;17131;108;4
São Paulo;28/01/2021;462905;3545;17199;68;4
São Paulo;29/01/2021;466172;3267;17250;51;4
São Paulo;30/01/2021;468893;2721;17309;59;4
São Paulo;31/01/2021;469657;764;17333;24;5
São Paulo;01/02/2021;470125;468;17341;8;5
São Paulo;02/02/2021;473263;3138;17412;71;5
São Paulo;03/02/2021;476299;3036;17474;62;5
São Paulo;04/02/2021;479512;3213;17523;49;5
São Paulo;05/02/2021;481934;2422;17583;60;5
São Paulo;06/02/2021;484353;2419;17632;49;5
São Paulo;07/02/2021;485155;802;17650;18;6
São Paulo;08/02/2021;485709;554;17666;16;6
São Paulo;09/02/2021;488446;2737;17759;93;6
São Paulo;10/02/2021;491256;2810;17822;63;6
São Paulo;11/02/2021;493409;2153;17893;71;6
São Paulo;12/02/2021;495938;2529;17954;61;6
São Paulo;13/02/2021;498141;2203;17982;28;6
São Paulo;14/02/2021;498726;585;18000;18;7
São Paulo;15/02/2021;499278;552;18010;10;7
São Paulo;16/02/2021;501625;2347;18081;71;7
São Paulo;17/02/2021;504310;2685;18144;63;7
São Paulo;18/02/2021;506805;2495;18192;48;7
São Paulo;19/02/2021;508944;2139;18236;44;7
São Paulo;20/02/2021;511095;2151;18286;50;7
São Paulo;21/02/2021;511924;829;18306;20;8
São Paulo;22/02/2021;512631;707;18321;15;8
São Paulo;23/02/2021;514913;2282;18391;70;8
São Paulo;24/02/2021;517362;2449;18469;78;8
São Paulo;25/02/2021;519954;2592;18529;60;8
São Paulo;26/02/2021;522087;2133;18573;44;8
São Paulo;27/02/2021;524001;1914;18623;50;8
São Paulo;28/02/2021;524858;857;18642;19;9
São Paulo;01/03/2021;525595;737;18667;25;9
São Paulo;02/03/2021;527515;1920;18769;102;9
São Paulo;03/03/2021;530183;2668;18836;67;9
São Paulo;04/03/2021;532755;2572;18899;63;9
São Paulo;05/03/2021;535617;2862;18973;74;9
São Paulo;06/03/2021;538333;2716;19043;70;9
São Paulo;07/03/2021;539683;1350;19052;9;10
São Paulo;08/03/2021;540750;1067;19117;65;10
São Paulo;09/03/2021;544063;3313;19207;90;10
São Paulo;10/03/2021;547384;3321;19300;93;10
São Paulo;11/03/2021;550654;3270;19387;87;10
São Paulo;12/03/2021;553751;3097;19473;86;10
São Paulo;13/03/2021;556869;3118;19566;93;10
São Paulo;14/03/2021;558514;1645;19600;34;11
São Paulo;15/03/2021;559817;1303;19635;35;11
São Paulo;16/03/2021;563646;3829;19789;154;11
São Paulo;17/03/2021;567617;3971;19897;108;11
São Paulo;18/03/2021;571358;3741;20076;179;11
São Paulo;19/03/2021;575331;3973;20236;160;11
São Paulo;20/03/2021;579380;4049;20352;116;11
São Paulo;21/03/2021;581013;1633;20368;16;12
São Paulo;22/03/2021;582245;1232;20388;20;12
São Paulo;23/03/2021;586394;4149;20634;246;12
São Paulo;24/03/2021;590885;4491;20700;66;12
São Paulo;25/03/2021;595099;4214;20843;143;12
São Paulo;26/03/2021;599340;4241;21131;288;12
São Paulo;27/03/2021;603049;3709;21408;277;12
São Paulo;28/03/2021;605059;2010;21440;32;13
São Paulo;29/03/2021;606301;1242;21558;118;13
São Paulo;30/03/2021;611049;4748;21837;279;13
São Paulo;31/03/2021;619397;8348;22128;291;13
São Paulo;01/04/2021;628043;8646;22425;297;13
São Paulo;02/04/2021;631786;3743;22673;248;13
São Paulo;03/04/2021;633097;1311;22734;61;13
São Paulo;04/04/2021;634456;1359;22794;60;14
São Paulo;05/04/2021;635582;1126;22844;50;14
São Paulo;06/04/2021;642322;6740;23222;378;14
São Paulo;07/04/2021;647445;5123;23403;181;14
São Paulo;08/04/2021;652116;4671;23750;347;14
São Paulo;09/04/2021;656513;4397;23982;232;14
São Paulo;10/04/2021;660192;3679;24135;153;14
São Paulo;11/04/2021;661881;1689;24241;106;15
São Paulo;12/04/2021;663212;1331;24282;41;15
São Paulo;13/04/2021;667097;3885;24605;323;15
São Paulo;14/04/2021;671169;4072;24832;227;15
São Paulo;15/04/2021;675330;4161;25123;291;15
São Paulo;16/04/2021;679586;4256;25319;196;15
São Paulo;17/04/2021;683309;3723;25526;207;15
São Paulo;18/04/2021;684239;930;25548;22;16
São Paulo;19/04/2021;685365;1126;25593;45;16
São Paulo;20/04/2021;689351;3986;25816;223;16
São Paulo;21/04/2021;693255;3904;26105;289;16
São Paulo;22/04/2021;695427;2172;26158;53;16
São Paulo;23/04/2021;699461;4034;26389;231;16
São Paulo;24/04/2021;702874;3413;26587;198;16
São Paulo;25/04/2021;703977;1103;26642;55;17
São Paulo;26/04/2021;704998;1021;26671;29;17
São Paulo;27/04/2021;708635;3637;26915;244;17
São Paulo;28/04/2021;712523;3888;27092;177;17
São Paulo;29/04/2021;715625;3102;27252;160;17
São Paulo;30/04/2021;718661;3036;27368;116;17
São Paulo;01/05/2021;721361;2700;27507;139;17
São Paulo;02/05/2021;722173;812;27530;23;18
São Paulo;03/05/2021;722823;650;27565;35;18
São Paulo;04/05/2021;725547;2724;27743;178;18
São Paulo;05/05/2021;728146;2599;27888;145;18
São Paulo;06/05/2021;730546;2400;27988;100;18
São Paulo;07/05/2021;733059;2513;28131;143;18
São Paulo;08/05/2021;735057;1998;28309;178;18
São Paulo;09/05/2021;736342;1285;28347;38;19
São Paulo;10/05/2021;736880;538;28364;17;19
São Paulo;11/05/2021;739821;2941;28583;219;19
São Paulo;12/05/2021;742629;2808;28764;181;19
São Paulo;13/05/2021;745134;2505;28875;111;19
São Paulo;14/05/2021;748382;3248;28994;119;19
São Paulo;15/05/2021;751114;2732;29102;108;19
São Paulo;16/05/2021;752658;1544;29126;24;20
São Paulo;17/05/2021;753368;710;29146;20;20
São Paulo;18/05/2021;755989;2621;29336;190;20
São Paulo;19/05/2021;758819;2830;29518;182;20
São Paulo;20/05/2021;761886;3067;29649;131;20
São Paulo;21/05/2021;764790;2904;29767;118;20
São Paulo;22/05/2021;767954;3164;29856;89;20
São Paulo;23/05/2021;768868;914;29866;10;21
São Paulo;24/05/2021;769766;898;29880;14;21
São Paulo;25/05/2021;772503;2737;30083;203;21
São Paulo;26/05/2021;775801;3298;30192;109;21
São Paulo;27/05/2021;778119;2318;30340;148;21
São Paulo;28/05/2021;778550;431;30476;136;21
São Paulo;29/05/2021;780675;2125;30566;90;21
São Paulo;30/05/2021;782195;1520;30576;10;22
São Paulo;31/05/2021;783191;996;30596;20;22
São Paulo;01/06/2021;786165;2974;30743;147;22
São Paulo;02/06/2021;789764;3599;30888;145;22
São Paulo;03/06/2021;793263;3499;30978;90;22
São Paulo;04/06/2021;794346;1083;30992;14;22
São Paulo;05/06/2021;797603;3257;31187;195;22
São Paulo;06/06/2021;799219;1616;31206;19;23
São Paulo;07/06/2021;799967;748;31227;21;23
São Paulo;08/06/2021;801298;1331;31341;114;23
São Paulo;09/06/2021;802232;934;31436;95;23
São Paulo;10/06/2021;805722;3490;31561;125;23
São Paulo;11/06/2021;809206;3484;31670;109;23
São Paulo;12/06/2021;812513;3307;31765;95;23
São Paulo;13/06/2021;813711;1198;31779;14;24
São Paulo;14/06/2021;814519;808;31804;25;24
São Paulo;15/06/2021;818295;3776;31944;140;24
São Paulo;16/06/2021;821875;3580;32131;187;24
São Paulo;17/06/2021;824321;2446;32264;133;24
São Paulo;18/06/2021;828737;4416;32414;150;24
São Paulo;19/06/2021;831637;2900;32553;139;24
São Paulo;20/06/2021;833323;1686;32572;19;25
São Paulo;21/06/2021;834249;926;32583;11;25
São Paulo;22/06/2021;837969;3720;32747;164;25
São Paulo;23/06/2021;841141;3172;32865;118;25
São Paulo;24/06/2021;843949;2808;33010;145;25
São Paulo;25/06/2021;846987;3038;33150;140;25
São Paulo;26/06/2021;849498;2511;33246;96;25
São Paulo;27/06/2021;850593;1095;33254;8;26
São Paulo;28/06/2021;851161;568;33265;11;26
São Paulo;29/06/2021;853937;2776;33419;154;26
São Paulo;30/06/2021;855163;1226;33510;91;26
São Paulo;01/07/2021;857318;2155;33603;93;26
São Paulo;02/07/2021;859731;2413;33713;110;26
São Paulo;03/07/2021;862385;2654;33798;85;26
São Paulo;04/07/2021;863091;706;33806;8;27
São Paulo;05/07/2021;863581;490;33820;14;27
São Paulo;06/07/2021;866200;2619;33956;136;27
São Paulo;07/07/2021;868384;2184;34044;88;27
São Paulo;08/07/2021;870614;2230;34163;119;27
São Paulo;09/07/2021;873108;2494;34243;80;27
São Paulo;10/07/2021;873819;711;34250;7;27
São Paulo;11/07/2021;874832;1013;34258;8;28
São Paulo;12/07/2021;875360;528;34272;14;28
São Paulo;13/07/2021;876847;1487;34375;103;28
São Paulo;14/07/2021;879316;2469;34445;70;28
São Paulo;15/07/2021;881096;1780;34523;78;28
São Paulo;16/07/2021;882719;1623;34604;81;28
São Paulo;17/07/2021;884883;2164;34685;81;28
São Paulo;18/07/2021;885177;294;34688;3;29
São Paulo;19/07/2021;885766;589;34717;29;29
São Paulo;20/07/2021;886596;830;34809;92;29
São Paulo;21/07/2021;889302;2706;34886;77;29
São Paulo;22/07/2021;891362;2060;34976;90;29
São Paulo;23/07/2021;893488;2126;35055;79;29
São Paulo;24/07/2021;894395;907;35118;63;29
São Paulo;25/07/2021;894918;523;35120;2;30
São Paulo;26/07/2021;895344;426;35127;7;30
São Paulo;27/07/2021;897039;1695;35188;61;30
São Paulo;28/07/2021;898856;1817;35236;48;30
São Paulo;29/07/2021;900696;1840;35310;74;30
São Paulo;30/07/2021;902453;1757;35380;70;30
São Paulo;31/07/2021;904083;1630;35450;70;30
São Paulo;01/08/2021;904658;575;35453;3;31
São Paulo;02/08/2021;904988;330;35456;3;31
São Paulo;03/08/2021;906669;1681;35541;85;31
São Paulo;04/08/2021;908576;1907;35598;57;31
São Paulo;05/08/2021;910107;1531;35638;40;31
São Paulo;06/08/2021;911605;1498;35679;41;31
São Paulo;07/08/2021;913053;1448;35715;36;31
São Paulo;08/08/2021;913781;728;35723;8;32
São Paulo;09/08/2021;914177;396;35728;5;32
São Paulo;10/08/2021;915886;1709;35828;100;32
São Paulo;11/08/2021;917184;1298;35957;129;32
São Paulo;12/08/2021;918876;1692;36044;87;32
São Paulo;13/08/2021;920550;1674;36108;64;32
São Paulo;14/08/2021;921943;1393;36210;102;32
São Paulo;15/08/2021;922592;649;36224;14;33
São Paulo;16/08/2021;923182;590;36236;12;33
São Paulo;17/08/2021;924543;1361;36452;216;33
São Paulo;18/08/2021;926077;1534;36594;142;33
São Paulo;19/08/2021;927561;1484;36654;60;33
São Paulo;20/08/2021;929136;1575;36714;60;33
São Paulo;21/08/2021;930465;1329;36758;44;33
São Paulo;22/08/2021;930930;465;36765;7;34
São Paulo;23/08/2021;931419;489;36772;7;34
São Paulo;24/08/2021;933034;1615;36835;63;34
São Paulo;25/08/2021;934400;1366;36887;52;34
São Paulo;26/08/2021;935876;1476;36926;39;34
São Paulo;27/08/2021;937570;1694;36997;71;34
São Paulo;28/08/2021;938981;1411;37030;33;34
São Paulo;29/08/2021;939738;757;37044;14;35
São Paulo;30/08/2021;940292;554;37064;20;35
São Paulo;31/08/2021;942192;1900;37105;41;35
São Paulo;01/09/2021;943658;1466;37157;52;35
São Paulo;02/09/2021;944963;1305;37219;62;35
São Paulo;03/09/2021;946603;1640;37277;58;35
São Paulo;04/09/2021;948229;1626;37338;61;35
São Paulo;05/09/2021;948644;415;37341;3;36
São Paulo;06/09/2021;949062;418;37347;6;36
São Paulo;07/09/2021;949915;853;37357;10;36
São Paulo;08/09/2021;950561;646;37359;2;36
São Paulo;09/09/2021;950830;269;37402;43;36
São Paulo;10/09/2021;950976;146;37446;44;36
São Paulo;11/09/2021;951114;138;37480;34;36
São Paulo;12/09/2021;951193;79;37492;12;37
São Paulo;13/09/2021;951236;43;37498;6;37
São Paulo;14/09/2021;951416;180;37551;53;37
São Paulo;15/09/2021;951578;162;37596;45;37
São Paulo;16/09/2021;956050;4472;37653;57;37
São Paulo;17/09/2021;959817;3767;37691;38;37
São Paulo;18/09/2021;960178;361;37721;30;37
São Paulo;19/09/2021;960266;88;37736;15;38
São Paulo;20/09/2021;960343;77;37746;10;38
São Paulo;21/09/2021;960734;391;37805;59;38
São Paulo;22/09/2021;961074;340;37845;40;38
São Paulo;23/09/2021;961368;294;37895;50;38
São Paulo;24/09/2021;961776;408;37960;65;38
São Paulo;25/09/2021;962014;238;38001;41;38
São Paulo;26/09/2021;962108;94;38024;23;39
São Paulo;27/09/2021;962168;60;38032;8;39
São Paulo;28/09/2021;962619;451;38120;88;39
São Paulo;29/09/2021;962851;232;38211;91;39
São Paulo;30/09/2021;963257;406;38252;41;39
São Paulo;01/10/2021;963509;252;38287;35;39
São Paulo;02/10/2021;963802;293;38321;34;39
São Paulo;03/10/2021;963872;70;38325;4;40
São Paulo;04/10/2021;963977;105;38334;9;40
São Paulo;05/10/2021;964589;612;38374;40;40
São Paulo;06/10/2021;964882;293;38423;49;40
São Paulo;07/10/2021;965074;192;38453;30;40
São Paulo;08/10/2021;965396;322;38472;19;40
São Paulo;09/10/2021;965820;424;38506;34;40
São Paulo;10/10/2021;965841;21;38511;5;41
São Paulo;11/10/2021;965861;20;38530;19;41
São Paulo;12/10/2021;965882;21;38534;4;41
São Paulo;13/10/2021;965937;55;38539;5;41
São Paulo;14/10/2021;966420;483;38546;7;41
São Paulo;15/10/2021;966747;327;38553;7;41
São Paulo;16/10/2021;966900;153;38578;25;41
São Paulo;17/10/2021;967052;152;38588;10;42
São Paulo;18/10/2021;967108;56;38590;2;42
São Paulo;19/10/2021;967484;376;38608;18;42
São Paulo;20/10/2021;967924;440;38633;25;42
São Paulo;21/10/2021;968399;475;38641;8;42
São Paulo;22/10/2021;968772;373;38660;19;42
São Paulo;23/10/2021;969192;420;38688;28;42
São Paulo;24/10/2021;969192;0;38688;0;43
São Paulo;25/10/2021;969251;59;38688;0;43
São Paulo;26/10/2021;969604;353;38707;19;43
São Paulo;27/10/2021;969774;170;38720;13;43
São Paulo;28/10/2021;970033;259;38748;28;43
São Paulo;29/10/2021;970423;390;38789;41;43
São Paulo;30/10/2021;970663;240;38811;22;43
São Paulo;31/10/2021;970683;20;38813;2;44
São Paulo;01/11/2021;970702;19;38814;1;44
São Paulo;02/11/2021;970783;81;38822;8;44
São Paulo;03/11/2021;970837;54;38828;6;44
São Paulo;04/11/2021;971182;345;38849;21;44
São Paulo;05/11/2021;971407;225;38868;19;44
São Paulo;06/11/2021;971644;237;38891;23;44
São Paulo;07/11/2021;971655;11;38891;0;45
São Paulo;08/11/2021;971662;7;38891;0;45
São Paulo;09/11/2021;971847;185;38893;2;45
São Paulo;10/11/2021;972012;165;38897;4;45
São Paulo;11/11/2021;972286;274;38897;0;45
São Paulo;12/11/2021;972598;312;38984;87;45
São Paulo;13/11/2021;972735;137;39023;39;45
São Paulo;14/11/2021;972846;111;39024;1;46
São Paulo;15/11/2021;972898;52;39025;1;46
São Paulo;16/11/2021;972986;88;39026;1;46
São Paulo;17/11/2021;973400;414;39056;30;46
São Paulo;18/11/2021;973685;285;39068;12;46
São Paulo;19/11/2021;973947;262;39094;26;46
São Paulo;20/11/2021;974116;169;39114;20;46
São Paulo;21/11/2021;974139;23;39114;0;47
São Paulo;22/11/2021;974160;21;39115;1;47
São Paulo;23/11/2021;974513;353;39141;26;47
São Paulo;24/11/2021;974660;147;39158;17;47
São Paulo;25/11/2021;974858;198;39183;25;47
São Paulo;26/11/2021;974999;141;39229;46;47
São Paulo;27/11/2021;975149;150;39258;29;47
São Paulo;28/11/2021;975177;28;39259;1;48
São Paulo;29/11/2021;975202;25;39260;1;48
São Paulo;30/11/2021;975560;358;39280;20;48
São Paulo;01/12/2021;975701;141;39301;21;48
São Paulo;02/12/2021;975803;102;39324;23;48
São Paulo;03/12/2021;975963;160;39335;11;48
São Paulo;04/12/2021;976094;131;39347;12;48
São Paulo;05/12/2021;976197;103;39348;1;49
São Paulo;06/12/2021;976214;17;39352;4;49
São Paulo;07/12/2021;976350;136;39377;25;49
São Paulo;08/12/2021;976535;185;39404;27;49
São Paulo;09/12/2021;976724;189;39429;25;49
São Paulo;10/12/2021;976918;194;39441;12;49
São Paulo;11/12/2021;976918;0;39441;0;49
São Paulo;12/12/2021;976918;0;39441;0;50
São Paulo;13/12/2021;976918;0;39441;0;50
São Paulo;14/12/2021;976918;0;39441;0;50
São Paulo;15/12/2021;976918;0;39441;0;50
São Paulo;16/12/2021;976918;0;39441;0;50
São Paulo;17/12/2021;977019;101;39508;67;50
São Paulo;18/12/2021;977022;3;39515;7;50
São Paulo;19/12/2021;977025;3;39519;4;51
São Paulo;20/12/2021;977025;0;39519;0;51
São Paulo;21/12/2021;977025;0;39519;0;51
São Paulo;22/12/2021;977025;0;39519;0;51
São Paulo;23/12/2021;977053;28;39535;16;51
São Paulo;24/12/2021;977060;7;39542;7;51
São Paulo;25/12/2021;977064;4;39542;0;51
São Paulo;26/12/2021;977069;5;39542;0;52
São Paulo;27/12/2021;977069;0;39542;0;52
São Paulo;28/12/2021;977098;29;39547;5;52
São Paulo;29/12/2021;977098;0;39547;0;52
São Paulo;30/12/2021;977729;631;39555;8;52
São Paulo;31/12/2021;977918;189;39561;6;52
São Paulo;01/01/2022;977986;68;39566;5;52
São Paulo;02/01/2022;977993;7;39566;0;1
São Paulo;03/01/2022;978017;24;39566;0;1
São Paulo;04/01/2022;978474;457;39577;11;1
São Paulo;05/01/2022;978922;448;39583;6;1
São Paulo;06/01/2022;979109;187;39583;0;1
São Paulo;07/01/2022;979576;467;39608;25;1
São Paulo;08/01/2022;979838;262;39615;7;1
São Paulo;09/01/2022;979966;128;39619;4;2
São Paulo;10/01/2022;980053;87;39629;10;2
São Paulo;11/01/2022;980703;650;39638;9;2
São Paulo;12/01/2022;981174;471;39645;7;2
São Paulo;13/01/2022;981751;577;39660;15;2
São Paulo;14/01/2022;982584;833;39687;27;2
São Paulo;15/01/2022;982830;246;39717;30;2
São Paulo;16/01/2022;983006;176;39718;1;3
São Paulo;17/01/2022;983178;172;39722;4;3
São Paulo;18/01/2022;984581;1403;39742;20;3
São Paulo;19/01/2022;985761;1180;39769;27;3
São Paulo;20/01/2022;986976;1215;39807;38;3
São Paulo;21/01/2022;988516;1540;39840;33;3
São Paulo;22/01/2022;990370;1854;39861;21;3
São Paulo;23/01/2022;990873;503;39880;19;4
São Paulo;24/01/2022;991062;189;39907;27;4
São Paulo;25/01/2022;992729;1667;39948;41;4
São Paulo;26/01/2022;993230;501;39963;15;4
São Paulo;27/01/2022;995512;2282;40017;54;4
São Paulo;28/01/2022;997529;2017;40054;37;4
São Paulo;29/01/2022;1000088;2559;40119;65;4
São Paulo;30/01/2022;1000779;691;40128;9;5
São Paulo;31/01/2022;1001076;297;40145;17;5
São Paulo;01/02/2022;1003330;2254;40185;40;5
São Paulo;02/02/2022;1003588;258;40246;61;5
São Paulo;03/02/2022;1007354;3766;40330;84;5
São Paulo;04/02/2022;1009088;1734;40393;63;5
São Paulo;05/02/2022;1010883;1795;40436;43;5
São Paulo;06/02/2022;1011306;423;40452;16;6
São Paulo;07/02/2022;1011717;411;40456;4;6
São Paulo;08/02/2022;1013548;1831;40521;65;6
São Paulo;09/02/2022;1015771;2223;40586;65;6
São Paulo;10/02/2022;1017821;2050;40644;58;6
São Paulo;11/02/2022;1020296;2475;40697;53;6
São Paulo;12/02/2022;1022623;2327;40734;37;6
São Paulo;13/02/2022;1022978;355;40749;15;7
São Paulo;14/02/2022;1023233;255;40760;11;7
São Paulo;15/02/2022;1024810;1577;40805;45;7
São Paulo;16/02/2022;1026477;1667;40928;123;7
São Paulo;17/02/2022;1027916;1439;41061;133;7
São Paulo;18/02/2022;1029374;1458;41124;63;7
São Paulo;19/02/2022;1030832;1458;41192;68;7
São Paulo;20/02/2022;1031311;479;41197;5;8
São Paulo;21/02/2022;1031405;94;41209;12;8
São Paulo;22/02/2022;1032816;1411;41275;66;8
São Paulo;23/02/2022;1034045;1229;41324;49;8
São Paulo;24/02/2022;1035194;1149;41369;45;8
São Paulo;25/02/2022;1035927;733;41410;41;8
São Paulo;26/02/2022;1036608;681;41456;46;8
São Paulo;27/02/2022;1036777;169;41460;4;9
São Paulo;28/02/2022;1036855;78;41464;4;9
São Paulo;01/03/2022;1037036;181;41501;37;9
São Paulo;02/03/2022;1037314;278;41511;10;9
São Paulo;03/03/2022;1038004;690;41542;31;9
São Paulo;04/03/2022;1038665;661;41578;36;9
São Paulo;05/03/2022;1039542;877;41666;88;9
São Paulo;06/03/2022;1039634;92;41671;5;10
São Paulo;07/03/2022;1039730;96;41673;2;10
São Paulo;08/03/2022;1040623;893;41702;29;10
São Paulo;09/03/2022;1041402;779;41739;37;10
São Paulo;10/03/2022;1042208;806;41761;22;10
São Paulo;11/03/2022;1042762;554;41783;22;10
São Paulo;12/03/2022;1043447;685;41785;2;10
São Paulo;13/03/2022;1043510;63;41788;3;11
São Paulo;14/03/2022;1043530;20;41790;2;11
São Paulo;15/03/2022;1044439;909;41806;16;11
São Paulo;16/03/2022;1045059;620;41836;30;11
São Paulo;17/03/2022;1045674;615;41872;36;11
São Paulo;18/03/2022;1046214;540;41911;39;11
São Paulo;19/03/2022;1046688;474;41925;14;11
São Paulo;20/03/2022;1046822;134;41939;14;12
São Paulo;21/03/2022;1046835;13;41939;0;12
São Paulo;22/03/2022;1047245;410;41960;21;12
São Paulo;23/03/2022;1047594;349;41988;28;12
São Paulo;24/03/2022;1047831;237;42014;26;12
São Paulo;25/03/2022;1048147;316;42035;21;12
São Paulo;26/03/2022;1048584;437;42044;9;12
São Paulo;27/03/2022;1048745;161;42052;8;13
São Paulo;28/03/2022;1048753;8;42060;8;13
São Paulo;29/03/2022;1049194;441;42085;25;13
São Paulo;30/03/2022;1049739;545;42105;20;13
São Paulo;31/03/2022;1050419;680;42113;8;13
São Paulo;01/04/2022;1050897;478;42122;9;13
São Paulo;02/04/2022;1051036;139;42123;1;13
São Paulo;03/04/2022;1051175;139;42124;1;14
São Paulo;04/04/2022;1051192;17;42124;0;14
São Paulo;05/04/2022;1051570;378;42135;11;14
São Paulo;06/04/2022;1052003;433;42142;7;14
São Paulo;07/04/2022;1052388;385;42147;5;14
São Paulo;08/04/2022;1052551;163;42154;7;14
São Paulo;09/04/2022;1052876;325;42156;2;14
São Paulo;10/04/2022;1053004;128;42157;1;15
São Paulo;11/04/2022;1053014;10;42159;2;15
São Paulo;12/04/2022;1053322;308;42164;5;15
São Paulo;13/04/2022;1053547;225;42171;7;15
São Paulo;14/04/2022;1054135;588;42182;11;15
São Paulo;15/04/2022;1054359;224;42202;20;15
São Paulo;16/04/2022;1054583;224;42203;1;15
São Paulo;17/04/2022;1054583;0;42203;0;16
São Paulo;18/04/2022;1054671;88;42203;0;16
São Paulo;19/04/2022;1055021;350;42218;15;16
São Paulo;20/04/2022;1055278;257;42223;5;16
São Paulo;21/04/2022;1055365;87;42224;1;16
São Paulo;22/04/2022;1055421;56;42226;2;16
São Paulo;23/04/2022;1055438;17;42227;1;16
São Paulo;24/04/2022;1055455;17;42228;1;17
São Paulo;25/04/2022;1055548;93;42229;1;17
São Paulo;26/04/2022;1055789;241;42247;18;17
São Paulo;27/04/2022;1056138;349;42253;6;17
São Paulo;28/04/2022;1056531;393;42261;8;17
São Paulo;29/04/2022;1056662;131;42276;15;17
São Paulo;30/04/2022;1056677;15;42278;2;17
São Paulo;01/05/2022;1056693;16;42279;1;18
São Paulo;02/05/2022;1056708;15;42280;1;18
São Paulo;03/05/2022;1056811;103;42284;4;18
São Paulo;04/05/2022;1057034;223;42284;0;18
São Paulo;05/05/2022;1057418;384;42293;9;18
São Paulo;06/05/2022;1058336;918;42299;6;18
São Paulo;07/05/2022;1058838;502;42299;0;18
São Paulo;08/05/2022;1058891;53;42299;0;19
São Paulo;09/05/2022;1058895;4;42299;0;19
São Paulo;10/05/2022;1059063;168;42320;21;19
São Paulo;11/05/2022;1059231;168;42328;8;19
São Paulo;12/05/2022;1059420;189;42340;12;19
São Paulo;13/05/2022;1059614;194;42365;25;19
São Paulo;14/05/2022;1059899;285;42377;12;19
São Paulo;15/05/2022;1060050;151;42394;17;20
São Paulo;16/05/2022;1060058;8;42395;1;20
São Paulo;17/05/2022;1060504;446;42419;24;20
São Paulo;18/05/2022;1060846;342;42429;10;20
São Paulo;19/05/2022;1060916;70;42434;5;20
São Paulo;20/05/2022;1060995;79;42454;20;20
São Paulo;21/05/2022;1061454;459;42458;4;20
São Paulo;22/05/2022;1061587;133;42467;9;21
São Paulo;23/05/2022;1061622;35;42470;3;21
São Paulo;24/05/2022;1061949;327;42482;12;21
São Paulo;25/05/2022;1062261;312;42499;17;21
São Paulo;26/05/2022;1062566;305;42520;21;21
São Paulo;27/05/2022;1062954;388;42549;29;21
São Paulo;28/05/2022;1063980;1026;42563;14;21
São Paulo;29/05/2022;1064155;175;42581;18;22
São Paulo;30/05/2022;1064330;175;42586;5;22
São Paulo;31/05/2022;1064998;668;42596;10;22
São Paulo;01/06/2022;1065382;384;42599;3;22
São Paulo;02/06/2022;1065707;325;42626;27;22
São Paulo;03/06/2022;1065707;0;42626;0;22
São Paulo;04/06/2022;1066324;617;42626;0;22
São Paulo;05/06/2022;1066367;43;42626;0;23
São Paulo;06/06/2022;1066385;18;42626;0;23
São Paulo;07/06/2022;1067064;679;42658;32;23
São Paulo;08/06/2022;1067605;541;42666;8;23
São Paulo;09/06/2022;1068198;593;42682;16;23
São Paulo;10/06/2022;1068809;611;42702;20;23
São Paulo;11/06/2022;1069257;448;42713;11;23
São Paulo;12/06/2022;1069527;270;42715;2;24
São Paulo;13/06/2022;1069552;25;42715;0;24
São Paulo;14/06/2022;1070359;807;42726;11;24
São Paulo;15/06/2022;1071215;856;42744;18;24
São Paulo;16/06/2022;1072150;935;42752;8;24
São Paulo;17/06/2022;1072347;197;42760;8;24
São Paulo;18/06/2022;1072612;265;42763;3;24
São Paulo;19/06/2022;1072716;104;42763;0;25
São Paulo;20/06/2022;1072802;86;42765;2;25
São Paulo;21/06/2022;1073701;899;42774;9;25
São Paulo;22/06/2022;1074530;829;42774;0;25
São Paulo;23/06/2022;1075647;1117;42804;30;25
São Paulo;24/06/2022;1076669;1022;42837;33;25
São Paulo;25/06/2022;1077349;680;42862;25;25
São Paulo;26/06/2022;1077502;153;42866;4;26
São Paulo;27/06/2022;1077611;109;42867;1;26
São Paulo;28/06/2022;1078792;1181;42896;29;26
São Paulo;29/06/2022;1079879;1087;42912;16;26
São Paulo;30/06/2022;1081723;1844;42925;13;26
São Paulo;01/07/2022;1083650;1927;42933;8;26
São Paulo;02/07/2022;1085340;1690;42942;9;26
São Paulo;03/07/2022;1085748;408;42948;6;27
São Paulo;04/07/2022;1085821;73;42953;5;27
São Paulo;05/07/2022;1087177;1356;42986;33;27
São Paulo;06/07/2022;1088486;1309;43004;18;27
São Paulo;07/07/2022;1089760;1274;43021;17;27
São Paulo;08/07/2022;1090940;1180;43041;20;27
São Paulo;09/07/2022;1092002;1062;43064;23;27
São Paulo;10/07/2022;1092176;174;43064;0;28
São Paulo;11/07/2022;1092227;51;43065;1;28
São Paulo;12/07/2022;1093429;1202;43097;32;28
São Paulo;13/07/2022;1094317;888;43113;16;28
São Paulo;14/07/2022;1095420;1103;43134;21;28
São Paulo;15/07/2022;1096215;795;43165;31;28
São Paulo;16/07/2022;1097342;1127;43185;20;28
São Paulo;17/07/2022;1097421;79;43191;6;29
São Paulo;18/07/2022;1097474;53;43204;13;29
São Paulo;19/07/2022;1098422;948;43231;27;29
São Paulo;20/07/2022;1099281;859;43245;14;29
São Paulo;21/07/2022;1100023;742;43265;20;29
São Paulo;22/07/2022;1100662;639;43282;17;29
São Paulo;23/07/2022;1101435;773;43296;14;29
São Paulo;24/07/2022;1101513;78;43302;6;30
São Paulo;25/07/2022;1101529;16;43304;2;30
São Paulo;26/07/2022;1102132;603;43331;27;30
São Paulo;27/07/2022;1102855;723;43348;17;30
São Paulo;28/07/2022;1103401;546;43365;17;30
São Paulo;29/07/2022;1104159;758;43387;22;30
São Paulo;30/07/2022;1104848;689;43397;10;30
São Paulo;31/07/2022;1104870;22;43401;4;31
São Paulo;01/08/2022;1104905;35;43401;0;31
São Paulo;02/08/2022;1105233;328;43421;20;31
São Paulo;03/08/2022;1105554;321;43435;14;31
São Paulo;04/08/2022;1106061;507;43443;8;31
São Paulo;05/08/2022;1106725;664;43454;11;31
São Paulo;06/08/2022;1107109;384;43462;8;31
São Paulo;07/08/2022;1107141;32;43470;8;32
São Paulo;08/08/2022;1107148;7;43472;2;32
São Paulo;09/08/2022;1107549;401;43488;16;32
São Paulo;10/08/2022;1108018;469;43505;17;32
São Paulo;11/08/2022;1108372;354;43507;2;32
São Paulo;12/08/2022;1108904;532;43511;4;32
São Paulo;13/08/2022;1109414;510;43522;11;32
São Paulo;14/08/2022;1109421;7;43523;1;33
São Paulo;15/08/2022;1109464;43;43525;2;33
São Paulo;16/08/2022;1109854;390;43533;8;33
São Paulo;17/08/2022;1110163;309;43547;14;33
São Paulo;18/08/2022;1110441;278;43560;13;33
São Paulo;19/08/2022;1110682;241;43565;5;33
São Paulo;20/08/2022;1110955;273;43568;3;33
São Paulo;21/08/2022;1111055;100;43570;2;34
São Paulo;22/08/2022;1111162;107;43570;0;34
São Paulo;23/08/2022;1111479;317;43580;10;34
São Paulo;24/08/2022;1111940;461;43588;8;34
São Paulo;25/08/2022;1112396;456;43596;8;34
São Paulo;26/08/2022;1112696;300;43603;7;34
São Paulo;27/08/2022;1112988;292;43607;4;34
São Paulo;28/08/2022;1113045;57;43611;4;35
São Paulo;29/08/2022;1113049;4;43613;2;35
São Paulo;30/08/2022;1113272;223;43620;7;35
São Paulo;31/08/2022;1113403;131;43630;10;35
São Paulo;01/09/2022;1113672;269;43653;23;35
São Paulo;02/09/2022;1113960;288;43666;13;35
São Paulo;03/09/2022;1114409;449;43678;12;35
São Paulo;04/09/2022;1114442;33;43678;0;36
São Paulo;05/09/2022;1114465;23;43678;0;36
São Paulo;06/09/2022;1114811;346;43681;3;36
São Paulo;07/09/2022;1115090;279;43683;2;36
São Paulo;08/09/2022;1115097;7;43684;1;36
São Paulo;09/09/2022;1115315;218;43690;6;36
São Paulo;10/09/2022;1115563;248;43693;3;36
São Paulo;11/09/2022;1115564;1;43693;0;37
São Paulo;12/09/2022;1115595;31;43696;3;37
São Paulo;13/09/2022;1115667;72;43699;3;37
São Paulo;14/09/2022;1115994;327;43704;5;37
São Paulo;15/09/2022;1116189;195;43711;7;37
São Paulo;16/09/2022;1116453;264;43719;8;37
São Paulo;17/09/2022;1116652;199;43738;19;37
São Paulo;18/09/2022;1116653;1;43738;0;38
São Paulo;19/09/2022;1116725;72;43738;0;38
São Paulo;20/09/2022;1116996;271;43743;5;38
São Paulo;21/09/2022;1117218;222;43749;6;38
São Paulo;22/09/2022;1117506;288;43761;12;38
São Paulo;23/09/2022;1117807;301;43770;9;38
São Paulo;24/09/2022;1118272;465;43770;0;38
São Paulo;25/09/2022;1118307;35;43772;2;39
São Paulo;26/09/2022;1118379;72;43772;0;39
São Paulo;27/09/2022;1118839;460;43772;0;39
São Paulo;28/09/2022;1119151;312;43772;0;39
São Paulo;29/09/2022;1119517;366;43772;0;39
São Paulo;30/09/2022;1119812;295;43772;0;39
São Paulo;01/10/2022;1120229;417;43797;25;39
São Paulo;02/10/2022;1120300;71;43841;44;40
São Paulo;03/10/2022;1120317;17;43842;1;40
São Paulo;04/10/2022;1120623;306;43844;2;40
São Paulo;05/10/2022;1120826;203;43853;9;40
São Paulo;06/10/2022;1121087;261;43859;6;40
São Paulo;07/10/2022;1121422;335;43866;7;40
São Paulo;08/10/2022;1121707;285;43867;1;40
São Paulo;09/10/2022;1121715;8;43874;7;41
São Paulo;10/10/2022;1121718;3;43875;1;41
São Paulo;11/10/2022;1122152;434;43888;13;41
São Paulo;12/10/2022;1122414;262;43891;3;41
São Paulo;13/10/2022;1122432;18;43909;18;41
São Paulo;14/10/2022;1122607;175;43912;3;41
São Paulo;15/10/2022;1122870;263;43912;0;41
São Paulo;16/10/2022;1122870;0;43912;0;42
São Paulo;17/10/2022;1122907;37;43921;9;42
São Paulo;18/10/2022;1123171;264;43932;11;42
São Paulo;19/10/2022;1123592;421;43945;13;42
São Paulo;20/10/2022;1123592;0;43945;0;42
São Paulo;21/10/2022;1123592;0;43945;0;42
São Paulo;22/10/2022;1124267;675;43957;12;42
São Paulo;23/10/2022;1124291;24;43957;0;43
São Paulo;24/10/2022;1124329;38;43961;4;43
São Paulo;25/10/2022;1124693;364;43968;7;43
São Paulo;26/10/2022;1124953;260;43975;7;43
São Paulo;27/10/2022;1125052;99;43978;3;43
São Paulo;28/10/2022;1125287;235;43980;2;43
São Paulo;29/10/2022;1125321;34;43982;2;43
São Paulo;30/10/2022;1125328;7;43982;0;44
São Paulo;31/10/2022;1125366;38;43982;0;44
São Paulo;01/11/2022;1125501;135;43982;0;44
São Paulo;02/11/2022;1125652;151;43988;6;44
São Paulo;03/11/2022;1125714;62;43990;2;44
São Paulo;04/11/2022;1125766;52;43995;5;44
São Paulo;05/11/2022;1125903;137;44001;6;44
São Paulo;06/11/2022;1125911;8;44003;2;45
São Paulo;07/11/2022;1125965;54;44003;0;45
São Paulo;08/11/2022;1126310;345;44022;19;45
São Paulo;09/11/2022;1126708;398;44028;6;45
São Paulo;10/11/2022;1126903;195;44028;0;45
São Paulo;11/11/2022;1127292;389;44030;2;45
São Paulo;12/11/2022;1127655;363;44033;3;45
São Paulo;13/11/2022;1127737;82;44033;0;46
São Paulo;14/11/2022;1127776;39;44034;1;46
São Paulo;15/11/2022;1127947;171;44038;4;46
São Paulo;16/11/2022;1127975;28;44040;2;46
São Paulo;17/11/2022;1128534;559;44048;8;46
São Paulo;18/11/2022;1129004;470;44059;11;46
São Paulo;19/11/2022;1129426;422;44066;7;46
São Paulo;20/11/2022;1129583;157;44067;1;47
São Paulo;21/11/2022;1129617;34;44091;24;47
São Paulo;22/11/2022;1129769;152;44108;17;47
São Paulo;23/11/2022;1130169;400;44115;7;47
São Paulo;24/11/2022;1130913;744;44123;8;47
São Paulo;25/11/2022;1131554;641;44133;10;47
São Paulo;26/11/2022;1132169;615;44141;8;47
São Paulo;27/11/2022;1132184;15;44142;1;48
São Paulo;28/11/2022;1132193;9;44144;2;48
São Paulo;29/11/2022;1132290;97;44157;13;48
São Paulo;30/11/2022;1132365;75;44165;8;48
São Paulo;01/12/2022;1132628;263;44178;13;48
São Paulo;02/12/2022;1133100;472;44193;15;48
São Paulo;03/12/2022;1133595;495;44203;10;48
São Paulo;04/12/2022;1133677;82;44204;1;49
São Paulo;05/12/2022;1133753;76;44205;1;49
São Paulo;06/12/2022;1134307;554;44211;6;49
São Paulo;07/12/2022;1134970;663;44217;6;49
São Paulo;08/12/2022;1135369;399;44234;17;49
São Paulo;09/12/2022;1135782;413;44240;6;49
São Paulo;10/12/2022;1135998;216;44246;6;49
São Paulo;11/12/2022;1136027;29;44247;1;50
São Paulo;12/12/2022;1136033;6;44248;1;50
São Paulo;13/12/2022;1136296;263;44248;0;50
São Paulo;14/12/2022;1136660;364;44264;16;50
São Paulo;15/12/2022;1136895;235;44271;7;50
São Paulo;16/12/2022;1137192;297;44287;16;50
São Paulo;17/12/2022;1137355;163;44287;0;50
São Paulo;18/12/2022;1137403;48;44287;0;51
São Paulo;19/12/2022;1137466;63;44301;14;51
São Paulo;20/12/2022;1137633;167;44308;7;51
São Paulo;21/12/2022;1137799;166;44316;8;51
São Paulo;22/12/2022;1138012;213;44322;6;51
São Paulo;23/12/2022;1138104;92;44324;2;51
São Paulo;24/12/2022;1138310;206;44329;5;51
São Paulo;25/12/2022;1138320;10;44330;1;52
São Paulo;26/12/2022;1138330;10;44330;0;52
São Paulo;27/12/2022;1138526;196;44330;0;52
São Paulo;28/12/2022;1138676;150;44338;8;52
São Paulo;29/12/2022;1138963;287;44342;4;52
São Paulo;30/12/2022;1139122;159;44346;4;52
São Paulo;31/12/2022;1139273;151;44352;6;52
São Paulo;01/01/2023;1139273;0;44352;0;1
São Paulo;02/01/2023;1139285;12;44353;1;1
São Paulo;03/01/2023;1139438;153;44355;2;1
São Paulo;04/01/2023;1139553;115;44358;3;1
São Paulo;05/01/2023;1139785;232;44363;5;1
São Paulo;06/01/2023;1139918;133;44368;5;1
São Paulo;07/01/2023;1140157;239;44368;0;1
São Paulo;08/01/2023;1140167;10;44369;1;2
São Paulo;09/01/2023;1140176;9;44369;0;2
São Paulo;10/01/2023;1140365;189;44369;0;2
São Paulo;11/01/2023;1140482;117;44369;0;2
São Paulo;12/01/2023;1140675;193;44369;0;2
São Paulo;13/01/2023;1140861;186;44369;0;2
São Paulo;14/01/2023;1141196;335;44369;0;2
São Paulo;15/01/2023;1141203;7;44369;0;3
São Paulo;16/01/2023;1141327;124;44369;0;3
São Paulo;17/01/2023;1141470;143;44369;0;3
São Paulo;18/01/2023;1141614;144;44369;0;3
São Paulo;19/01/2023;1141928;314;44416;47;3
São Paulo;20/01/2023;1142016;88;44426;10;3
São Paulo;21/01/2023;1142197;181;44426;0;3
São Paulo;22/01/2023;1142202;5;44426;0;4
São Paulo;23/01/2023;1142203;1;44426;0;4
São Paulo;24/01/2023;1142396;193;44449;23;4
São Paulo;25/01/2023;1142637;241;44458;9;4
São Paulo;26/01/2023;1142653;16;44460;2;4
São Paulo;27/01/2023;1142790;137;44460;0;4
São Paulo;28/01/2023;1143072;282;44482;22;4
São Paulo;29/01/2023;1143090;18;44482;0;5
São Paulo;30/01/2023;1143104;14;44483;1;5
São Paulo;31/01/2023;1143302;198;44490;7;5
São Paulo;01/02/2023;1143439;137;44505;15;5
São Paulo;02/02/2023;1143580;141;44512;7;5
São Paulo;03/02/2023;1143723;143;44524;12;5
São Paulo;04/02/2023;1143836;113;44529;5;5
São Paulo;05/02/2023;1143846;10;44529;0;6
São Paulo;06/02/2023;1143859;13;44529;0;6
São Paulo;07/02/2023;1144029;170;44534;5;6
São Paulo;08/02/2023;1144146;117;44538;4;6
São Paulo;09/02/2023;1144306;160;44541;3;6
São Paulo;10/02/2023;1144432;126;44545;4;6
São Paulo;11/02/2023;1144646;214;44550;5;6
São Paulo;12/02/2023;1144659;13;44550;0;7
São Paulo;13/02/2023;1144717;58;44550;0;7
São Paulo;14/02/2023;1144876;159;44553;3;7
São Paulo;15/02/2023;1145101;225;44557;4;7
São Paulo;16/02/2023;1145311;210;44559;2;7
São Paulo;17/02/2023;1145545;234;44562;3;7
São Paulo;18/02/2023;1145872;327;44564;2;7
São Paulo;19/02/2023;1146055;183;44564;0;8
São Paulo;20/02/2023;1146055;0;44564;0;8
São Paulo;21/02/2023;1146055;0;44564;0;8
São Paulo;22/02/2023;1146164;109;44568;4;8
São Paulo;23/02/2023;1146354;190;44570;2;8
São Paulo;24/02/2023;1146714;360;44581;11;8
São Paulo;25/02/2023;1147106;392;44595;14;8
São Paulo;26/02/2023;1147817;711;44595;0;9
São Paulo;27/02/2023;1148637;820;44595;0;9
São Paulo;28/02/2023;1149654;1017;44601;6;9
São Paulo;01/03/2023;1150547;893;44607;6;9
São Paulo;02/03/2023;1150796;249;44610;3;9
São Paulo;03/03/2023;1151589;793;44613;3;9
São Paulo;04/03/2023;1152400;811;44617;4;9
São Paulo;05/03/2023;1152484;84;44617;0;10
São Paulo;06/03/2023;1152496;12;44617;0;10
São Paulo;07/03/2023;1152726;230;44622;5;10
São Paulo;08/03/2023;1152962;236;44627;5;10
São Paulo;09/03/2023;1153174;212;44632;5;10
São Paulo;10/03/2023;1153355;181;44640;8;10
São Paulo;11/03/2023;1153595;240;44644;4;10
São Paulo;12/03/2023;1153663;68;44646;2;11
São Paulo;13/03/2023;1153678;15;44646;0;11
São Paulo;14/03/2023;1153982;304;44653;7;11
São Paulo;15/03/2023;1154613;631;44655;2;11
São Paulo;16/03/2023;1155179;566;44660;5;11
São Paulo;17/03/2023;1155439;260;44662;2;11
São Paulo;18/03/2023;1155439;0;44662;0;11
São Paulo;19/03/2023;1155791;352;44665;3;12
São Paulo;20/03/2023;1155814;23;44671;6;12
São Paulo;21/03/2023;1156380;566;44673;2;12
São Paulo;22/03/2023;1156739;359;44683;10;12
São Paulo;23/03/2023;1157073;334;44687;4;12
São Paulo;24/03/2023;1157359;286;44690;3;12
São Paulo;25/03/2023;1157359;0;44690;0;12
São Paulo;26/03/2023;1157359;0;44690;0;13
São Paulo;27/03/2023;1157359;0;44690;0;13
São Paulo;28/03/2023;1157849;490;44707;17;13
São Paulo;29/03/2023;1158151;302;44711;4;13
São Paulo;30/03/2023;1158519;368;44714;3;13
São Paulo;31/03/2023;1158790;271;44729;15;13
São Paulo;01/04/2023;1158790;0;44729;0;13
São Paulo;02/04/2023;1158918;128;44732;3;14
São Paulo;03/04/2023;1159045;127;44733;1;14
São Paulo;04/04/2023;1159308;263;44739;6;14
São Paulo;05/04/2023;1159846;538;44742;3;14
São Paulo;06/04/2023;1160032;186;44744;2;14
São Paulo;07/04/2023;1160032;0;44744;0;14
São Paulo;08/04/2023;1160066;34;44747;3;14
São Paulo;09/04/2023;1160101;35;44747;0;15
São Paulo;10/04/2023;1160135;34;44747;0;15
São Paulo;11/04/2023;1160439;304;44754;7;15
São Paulo;12/04/2023;1160892;453;44761;7;15
São Paulo;13/04/2023;1160892;0;44761;0;15
São Paulo;14/04/2023;1161718;826;44768;7;15
São Paulo;15/04/2023;1161718;0;44768;0;15
São Paulo;16/04/2023;1161718;0;44768;0;16
São Paulo;17/04/2023;1162991;1273;44781;13;16
São Paulo;18/04/2023;1163594;603;44784;3;16
São Paulo;19/04/2023;1164192;598;44787;3;16
São Paulo;20/04/2023;1164900;708;44790;3;16
São Paulo;21/04/2023;1165962;1062;44796;6;16
São Paulo;22/04/2023;1165962;0;44796;0;16
São Paulo;23/04/2023;1165962;0;44796;0;17
São Paulo;24/04/2023;1167278;1316;44799;3;17
São Paulo;25/04/2023;1167647;369;44804;5;17
São Paulo;26/04/2023;1168073;426;44806;2;17
São Paulo;27/04/2023;1168779;706;44808;2;17
São Paulo;28/04/2023;1168994;215;44819;11;17
São Paulo;29/04/2023;1168994;0;44819;0;17
São Paulo;30/04/2023;1169300;306;44819;0;18
São Paulo;01/05/2023;1169366;66;44819;0;18
São Paulo;02/05/2023;1169503;137;44819;0;18
São Paulo;03/05/2023;1169640;137;44829;10;18
São Paulo;04/05/2023;1169835;195;44832;3;18
São Paulo;05/05/2023;1170647;812;44835;3;18
São Paulo;06/05/2023;1170647;0;44835;0;18
São Paulo;07/05/2023;1171830;1183;44842;7;19
São Paulo;08/05/2023;1172202;372;44842;0;19
São Paulo;09/05/2023;1172202;0;44842;0;19
São Paulo;10/05/2023;1173157;955;44848;6;19
São Paulo;11/05/2023;1174305;1148;44852;4;19
São Paulo;12/05/2023;1174801;496;44862;10;19
